{
  "type": "FeatureCollection",
  "name": "handover_public_space_network",
  "features": [
    {
      "type": "Feature",
      "id": "HANDOVER-NODE-01",
      "properties": {
        "id": "HANDOVER-NODE-01",
        "layer": "PUBLIC_SPACE",
        "source_type": "agent_generated_design",
        "confidence": "medium",
        "geometry_role": "design_proposal",
        "name_zh": "交班点 01",
        "name_en": "Handover Point 01",
        "component": "digital_interface + human_window + non-digital_path",
        "linked_scenario": "SC-01",
        "area_sqm_declared": 23197.913,
        "component_id": "SC-01",
        "key_area_id": "PROV-KEY-001",
        "design_status": "concept_provisional",
        "ordinary_service": "人工问询与普通步行",
        "ai_off_path": "route remains open with paper card",
        "maintenance_role": "daily opening and tactile sign check",
        "spatial_evidence": "入口—人工桌—纸面状态卡的连续界面"
      },
      "geometry": {
        "type": "Polygon",
        "coordinates": [
          [
            [
              116.35001446187154,
              39.9437109973773
            ],
            [
              116.35000068450607,
              39.94363573386843
            ],
            [
              116.34997738928827,
              39.943561872204036
            ],
            [
              116.34994480059245,
              39.94349012370696
            ],
            [
              116.34990323229083,
              39.943421179347084
            ],
            [
              116.34985308472982,
              39.94335570308712
            ],
            [
              116.34979484087361,
              39.943294325488715
            ],
            [
              116.34972906165247,
              39.943237637640195
            ],
            [
              116.34965638056016,
              39.943186185464434
            ],
            [
              116.34957749755304,
              39.943140464461855
            ],
            [
              116.34949317230901,
              39.943100914938924
            ],
            [
              116.34940421691189,
              39.94306791776823
            ],
            [
              116.34931148803112,
              39.94304179072088
            ],
            [
              116.34921587867224,
              39.94302278540656
            ],
            [
              116.34911830957778,
              39.94301108485071
            ],
            [
              116.34901972036106,
              39.943006801732125
            ],
            [
              116.34892106045835,
              39.94300997729796
            ],
            [
              116.34882327998649,
              39.94302058096656
            ],
            [
              116.34872732059401,
              39.943038510621875
            ],
            [
              116.34863410639369,
              39.9430635935969
            ],
            [
              116.34854453506397,
              39.94309558833628
            ],
            [
              116.3484594692048,
              39.94313418672227
            ],
            [
              116.34837972803112,
              39.9431790170419
            ],
            [
              116.34830607948393,
              39.943229647566184
            ],
            [
              116.34823923283507,
              39.94328559070756
            ],
            [
              116.34817983185667,
              39.94334630771518
            ],
            [
              116.34812844862113,
              39.943411213862824
            ],
            [
              116.34808557799148,
              39.94347968407976
            ],
            [
              116.34805163285503,
              39.94355105897007
            ],
            [
              116.34802694014621,
              39.943624651162594
            ],
            [
              116.3480117376972,
              39.9436997519304
            ],
            [
              116.3480061719463,
              39.943775638016014
            ],
            [
              116.34801029652652,
              39.94385157859658
            ],
            [
              116.34802407174783,
              39.943926842321986
            ],
            [
              116.3480473649782,
              39.94400070435835
            ],
            [
              116.34807995191969,
              39.944072453368506
            ],
            [
              116.34812151876754,
              39.94414139836287
            ],
            [
              116.34817166523119,
              39.94420687535434
            ],
            [
              116.34822990838859,
              39.94426825375314
            ],
            [
              116.34829568733636,
              39.944324942440225
            ],
            [
              116.3483683685912,
              39.94437639546047
            ],
            [
              116.3484472521906,
              39.944422117281
            ],
            [
              116.34853157843379,
              39.944461667563914
            ],
            [
              116.3486205351986,
              39.944494665407426
            ],
            [
              116.34871326576304,
              39.944520793014576
            ],
            [
              116.34880887705687,
              39.94453979875416
            ],
            [
              116.34890644826316,
              39.944551499584385
            ],
            [
              116.3490050396875,
              39.94455578281593
            ],
            [
              116.3491037018087,
              39.944552607197274
            ],
            [
              116.34920148442475,
              39.94454200331214
            ],
            [
              116.34929744580467,
              39.94452407328486
            ],
            [
              116.3493906617593,
              39.94449898979675
            ],
            [
              116.34948023454277,
              39.94446699442289
            ],
            [
              116.34956530149933,
              39.9444283953054
            ],
            [
              116.34964504337181,
              39.94438356418537
            ],
            [
              116.34971869219238,
              39.944332932822526
            ],
            [
              116.34978553867867,
              39.94427698883667
            ],
            [
              116.34984493906484,
              39.9442162710111
            ],
            [
              116.3498963213012,
              39.94415136410346
            ],
            [
              116.34993919056313,
              39.9440828932137
            ],
            [
              116.34997313401594,
              39.94401151776359
            ],
            [
              116.34999782478978,
              39.94393792514581
            ],
            [
              116.35001302512696,
              39.943862824103626
            ],
            [
              116.35001858867025,
              39.943786937905045
            ],
            [
              116.35001446187154,
              39.9437109973773
            ]
          ]
        ]
      }
    },
    {
      "type": "Feature",
      "id": "HANDOVER-NODE-02",
      "properties": {
        "id": "HANDOVER-NODE-02",
        "layer": "PUBLIC_SPACE",
        "source_type": "agent_generated_design",
        "confidence": "medium",
        "geometry_role": "design_proposal",
        "name_zh": "交班点 02",
        "name_en": "Handover Point 02",
        "component": "digital_interface + human_window + non-digital_path",
        "linked_scenario": "SC-02",
        "area_sqm_declared": 23197.913,
        "component_id": "SC-02",
        "key_area_id": "PROV-KEY-001",
        "design_status": "concept_provisional",
        "ordinary_service": "无障碍步行与休息",
        "ai_off_path": "tactile wayfinding and staffed help remain",
        "maintenance_role": "weekly route walk",
        "spatial_evidence": "净宽走查—座椅—遮阴—人工陪同的可逆样段"
      },
      "geometry": {
        "type": "Polygon",
        "coordinates": [
          [
            [
              116.34896449646187,
              39.950790420261725
            ],
            [
              116.34895071893368,
              39.950715156717486
            ],
            [
              116.34892742254979,
              39.95064129492178
            ],
            [
              116.3488948316957,
              39.95056954619869
            ],
            [
              116.34885326026445,
              39.95050060152027
            ],
            [
              116.34880310863255,
              39.9504351248523
            ],
            [
              116.34874485980346,
              39.95037374676036
            ],
            [
              116.34867907475531,
              39.95031705833751
            ],
            [
              116.34860638703803,
              39.95026560551217
            ],
            [
              116.3485274966717,
              39.950219883791014
            ],
            [
              116.34844316340516,
              39.95018033348744
            ],
            [
              116.3483541993995,
              39.95014733548152
            ],
            [
              116.34826146140696,
              39.950121207552414
            ],
            [
              116.34816584252093,
              39.95010220131829
            ],
            [
              116.34806826357566,
              39.95009049981345
            ],
            [
              116.34796966427928,
              39.95008621572586
            ],
            [
              116.34787099416512,
              39.950089390311966
            ],
            [
              116.34777320344841,
              39.950099992999526
            ],
            [
              116.3476772338763,
              39.950117921682
            ],
            [
              116.34758400965963,
              39.95014300370172
            ],
            [
              116.34749442857323,
              39.95017499751251
            ],
            [
              116.34740935331105,
              39.95021359500563
            ],
            [
              116.34732960317855,
              39.95025842447665
            ],
            [
              116.34725594620303,
              39.95030905420479
            ],
            [
              116.34718909173748,
              39.95036499661017
            ],
            [
              116.3471296836293,
              39.95042571294899
            ],
            [
              116.34707829401957,
              39.95049061850152
            ],
            [
              116.34703541783274,
              39.950559088202745
            ],
            [
              116.34700146800958,
              39.95063046266169
            ],
            [
              116.34697677152974,
              39.95070405451139
            ],
            [
              116.34696156626167,
              39.950779155028215
            ],
            [
              116.34695599867082,
              39.95085504095709
            ],
            [
              116.34696012240795,
              39.950930981476674
            ],
            [
              116.34697389779117,
              39.95100624523746
            ],
            [
              116.34699719218689,
              39.95108010740518
            ],
            [
              116.347029781286,
              39.95115185664145
            ],
            [
              116.34707135126291,
              39.951220801954484
            ],
            [
              116.34712150179696,
              39.95128627935412
            ],
            [
              116.34717974992691,
              39.95134765824665
            ],
            [
              116.3472455347015,
              39.95140434750826
            ],
            [
              116.34731822258132,
              39.95145580117829
            ],
            [
              116.34739711354003,
              39.951501523717624
            ],
            [
              116.34748144780599,
              39.9515410747814
            ],
            [
              116.3475704131798,
              39.95157407346034
            ],
            [
              116.34766315285653,
              39.95160020194943
            ],
            [
              116.34775877367815,
              39.95161920860894
            ],
            [
              116.347856354736,
              39.95163091038826
            ],
            [
              116.34795495624076,
              39.95163519458888
            ],
            [
              116.34805362857419,
              39.95163201995001
            ],
            [
              116.34815142143584,
              39.951621417045885
            ],
            [
              116.34824739299613,
              39.951603487991406
            ],
            [
              116.34834061896781,
              39.95157840545851
            ],
            [
              116.34843020150856,
              39.9515464110131
            ],
            [
              116.34851527786857,
              39.951507812788336
            ],
            [
              116.34859502870022,
              39.9514629825167
            ],
            [
              116.34866868594928,
              39.9514123519498
            ],
            [
              116.3487355402523,
              39.95135640869973
            ],
            [
              116.3487949477681,
              39.951295691542725
            ],
            [
              116.34884633637837,
              39.95123078523
            ],
            [
              116.3488892111971,
              39.951162314855765
            ],
            [
              116.34892315933605,
              39.95109093983683
            ],
            [
              116.3489478538803,
              39.951017347561724
            ],
            [
              116.34896305703583,
              39.950942246770424
            ],
            [
              116.3489686224183,
              39.950866360728504
            ],
            [
              116.34896449646187,
              39.950790420261725
            ]
          ]
        ]
      }
    },
    {
      "type": "Feature",
      "id": "HANDOVER-NODE-03",
      "properties": {
        "id": "HANDOVER-NODE-03",
        "layer": "PUBLIC_SPACE",
        "source_type": "agent_generated_design",
        "confidence": "medium",
        "geometry_role": "design_proposal",
        "name_zh": "交班点 03",
        "name_en": "Handover Point 03",
        "component": "digital_interface + human_window + non-digital_path",
        "linked_scenario": "SC-03",
        "area_sqm_declared": 23197.913,
        "component_id": "SC-03",
        "key_area_id": "PROV-KEY-001",
        "design_status": "concept_provisional",
        "ordinary_service": "人工维修咨询",
        "ai_off_path": "ordinary tool table remains",
        "maintenance_role": "spare-parts and power-isolation check",
        "spatial_evidence": "工具桌—备件柜—停机隔离点，不占用主通行面"
      },
      "geometry": {
        "type": "Polygon",
        "coordinates": [
          [
            [
              116.34988032450741,
              39.95788086554639
            ],
            [
              116.34986654465624,
              39.95780560218329
            ],
            [
              116.349843244982,
              39.95773174063444
            ],
            [
              116.34981064990193,
              39.957659992221586
            ],
            [
              116.34976907334973,
              39.95759104791378
            ],
            [
              116.34971891575132,
              39.95752557167326
            ],
            [
              116.34966066016757,
              39.95746419406145
            ],
            [
              116.34959486764168,
              39.95740750616682
            ],
            [
              116.34952217179556,
              39.95735605391264
            ],
            [
              116.3494432727276,
              39.95731033280013
            ],
            [
              116.34935893027045,
              39.9572707831368
            ],
            [
              116.34926995667367,
              39.95723778579656
            ],
            [
              116.34917720878191,
              39.957211658552175
            ],
            [
              116.34908157978381,
              39.9571926530152
            ],
            [
              116.34898399061105,
              39.957180952213214
            ],
            [
              116.34888538107023,
              39.95717666882744
            ],
            [
              116.34878670079337,
              39.95717984410753
            ],
            [
              116.34868890009348,
              39.95719044747461
            ],
            [
              116.3485929208139,
              39.957208376815544
            ],
            [
              116.34849968725892,
              39.95723345946633
            ],
            [
              116.34841009729334,
              39.957265453874776
            ],
            [
              116.34832501369657,
              39.957304051926315
            ],
            [
              116.34824525585432,
              39.95734888191118
            ],
            [
              116.34817159186818,
              39.95739951210365
            ],
            [
              116.34810473115866,
              39.95745545491935
            ],
            [
              116.34804531763326,
              39.95751617161057
            ],
            [
              116.34799392348523,
              39.957581077454144
            ],
            [
              116.34795104368276,
              39.95764954738229
            ],
            [
              116.34791709120147,
              39.95772092200184
            ],
            [
              116.34789239304654,
              39.95779451394429
            ],
            [
              116.34787718710264,
              39.95786961448509
            ],
            [
              116.34787161984171,
              39.95794550036897
            ],
            [
              116.34787574491133,
              39.958021440774985
            ],
            [
              116.34788952261682,
              39.95809670435476
            ],
            [
              116.3479128203022,
              39.958170566275754
            ],
            [
              116.34794541362672,
              39.95824231520196
            ],
            [
              116.34798698872409,
              39.95831126014455
            ],
            [
              116.34803714522434,
              39.95837673711696
            ],
            [
              116.34809540010878,
              39.958438115529574
            ],
            [
              116.34816119236112,
              39.95849480426319
            ],
            [
              116.34823388836992,
              39.95854625736227
            ],
            [
              116.34831278803051,
              39.95859197929316
            ],
            [
              116.34839713148756,
              39.95863152971686
            ],
            [
              116.34848610645302,
              39.95866452773024
            ],
            [
              116.34857885602965,
              39.95869065553472
            ],
            [
              116.34867448696403,
              39.958709661497146
            ],
            [
              116.34877207825016,
              39.958721362573634
            ],
            [
              116.34887069000011,
              39.95872564607244
            ],
            [
              116.34896937249705,
              39.9587224707395
            ],
            [
              116.34906717534263,
              39.95871186715576
            ],
            [
              116.34916315661106,
              39.958693937442696
            ],
            [
              116.34925639192161,
              39.95866885427855
            ],
            [
              116.34934598334198,
              39.95863685923532
            ],
            [
              116.34943106803694,
              39.9585982604519
            ],
            [
              116.34951082657847,
              39.958553429666225
            ],
            [
              116.34958449083815,
              39.95850279863477
            ],
            [
              116.34965135138505,
              39.95844685497418
            ],
            [
              116.34971076431776,
              39.958386137464586
            ],
            [
              116.34976215746589,
              39.95832123086062
            ],
            [
              116.34980503589972,
              39.958252760259334
            ],
            [
              116.34983898669616,
              39.95818138507969
            ],
            [
              116.34986368291476,
              39.95810779271178
            ],
            [
              116.34987888674536,
              39.95803269189646
            ],
            [
              116.34988445179712,
              39.95795680589958
            ],
            [
              116.34988032450741,
              39.95788086554639
            ]
          ]
        ]
      }
    },
    {
      "type": "Feature",
      "id": "HANDOVER-NODE-04",
      "properties": {
        "id": "HANDOVER-NODE-04",
        "layer": "PUBLIC_SPACE",
        "source_type": "agent_generated_design",
        "confidence": "medium",
        "geometry_role": "design_proposal",
        "name_zh": "交班点 04",
        "name_en": "Handover Point 04",
        "component": "digital_interface + human_window + non-digital_path",
        "linked_scenario": "SC-04",
        "area_sqm_declared": 23197.913,
        "component_id": "SC-04",
        "key_area_id": "PROV-KEY-002",
        "design_status": "concept_provisional",
        "ordinary_service": "教师讲解与人工答疑",
        "ai_off_path": "printed lesson remains",
        "maintenance_role": "termly content review",
        "spatial_evidence": "教师桌—纸面课程—非账号问答长桌"
      },
      "geometry": {
        "type": "Polygon",
        "coordinates": [
          [
            [
              116.34883010875002,
              39.96496026811905
            ],
            [
              116.34881632873604,
              39.96488500472053
            ],
            [
              116.34879302789489,
              39.964811143040265
            ],
            [
              116.34876043065503,
              39.96473939440124
            ],
            [
              116.34871885097103,
              39.964670449774715
            ],
            [
              116.34866868929889,
              39.964604973125944
            ],
            [
              116.34861042873874,
              39.964543595020324
            ],
            [
              116.34854463038175,
              39.964486906551066
            ],
            [
              116.34847192790596,
              39.96443545364698
            ],
            [
              116.34839302147363,
              39.964389731815515
            ],
            [
              116.34830867098827,
              39.96435018137113
            ],
            [
              116.34821968877685,
              39.96431718319524
            ],
            [
              116.34812693176691,
              39.96429105506865
            ],
            [
              116.34803129323492,
              39.96427204861143
            ],
            [
              116.34793369420434,
              39.964260346860016
            ],
            [
              116.34783507457674,
              39.96425606250473
            ],
            [
              116.34773638408123,
              39.96425923680461
            ],
            [
              116.34763857312925,
              39.96426983919019
            ],
            [
              116.34754258366284,
              39.964287767557806
            ],
            [
              116.34744934008438,
              39.96431284925285
            ],
            [
              116.3473597403552,
              39.96434484273227
            ],
            [
              116.34727464734873,
              39.96438343989051
            ],
            [
              116.34719488054134,
              39.96442826902639
            ],
            [
              116.34712120812087,
              39.964478898422364
            ],
            [
              116.34705433958909,
              39.96453484050171
            ],
            [
              116.34699491892887,
              39.964595556523854
            ],
            [
              116.34694351840216,
              39.96466046177208
            ],
            [
              116.34690063303852,
              39.96472893118426
            ],
            [
              116.34686667586718,
              39.96480030537231
            ],
            [
              116.34684197393852,
              39.96487389697179
            ],
            [
              116.34682676517353,
              39.96494899726152
            ],
            [
              116.34682119607132,
              39.96502488298861
            ],
            [
              116.34682532029726,
              39.965100823333664
            ],
            [
              116.34683909816475,
              39.96517608694885
            ],
            [
              116.34686239701632,
              39.965249949001326
            ],
            [
              116.34689499249995,
              39.96532169815377
            ],
            [
              116.34693657072856,
              39.96539064341524
            ],
            [
              116.3469867313021,
              39.96545612079604
            ],
            [
              116.34704499116259,
              39.96551749970265
            ],
            [
              116.34711078924585,
              39.96557418901111
            ],
            [
              116.34718349188428,
              39.965625642760315
            ],
            [
              116.3472623989094,
              39.965671365410365
            ],
            [
              116.34734675039489,
              39.96571091661534
            ],
            [
              116.34743573397543,
              39.96574391546458
            ],
            [
              116.34752849267076,
              39.96577004415142
            ],
            [
              116.3476241331397,
              39.96578905103425
            ],
            [
              116.34772173428433,
              39.9658007530603
            ],
            [
              116.34782035612187,
              39.965805037528675
            ],
            [
              116.34791904883826,
              39.965801863175976
            ],
            [
              116.34801686193671,
              39.96579126057372
            ],
            [
              116.34811285339269,
              39.9657733318339
            ],
            [
              116.34820609872739,
              39.96574824962543
            ],
            [
              116.34829569991196,
              39.965716255511076
            ],
            [
              116.34838079401705,
              39.965677657620795
            ],
            [
              116.34846056152409,
              39.965632827683905
            ],
            [
              116.34853423421828,
              39.96558219744876
            ],
            [
              116.34860110258742,
              39.96552625452428
            ],
            [
              116.34866052265485,
              39.965465537683556
            ],
            [
              116.34871192218144,
              39.965400631674775
            ],
            [
              116.34875480617599,
              39.96533216158922
            ],
            [
              116.34878876166191,
              39.96526078684093
            ],
            [
              116.34881346165362,
              39.96518719481581
            ],
            [
              116.34882866830458,
              39.96511209425147
            ],
            [
              116.34883423519683,
              39.965036208411284
            ],
            [
              116.34883010875002,
              39.96496026811905
            ]
          ]
        ]
      }
    },
    {
      "type": "Feature",
      "id": "HANDOVER-NODE-05",
      "properties": {
        "id": "HANDOVER-NODE-05",
        "layer": "PUBLIC_SPACE",
        "source_type": "agent_generated_design",
        "confidence": "medium",
        "geometry_role": "design_proposal",
        "name_zh": "交班点 05",
        "name_en": "Handover Point 05",
        "component": "digital_interface + human_window + non-digital_path",
        "linked_scenario": "SC-05",
        "area_sqm_declared": 23197.913,
        "component_id": "SC-05",
        "key_area_id": "PROV-KEY-002",
        "design_status": "concept_provisional",
        "ordinary_service": "纸质许可与版本咨询",
        "ai_off_path": "account-free learning table remains",
        "maintenance_role": "rights and source-date check",
        "spatial_evidence": "许可核验—版本卡—人工咨询三联桌"
      },
      "geometry": {
        "type": "Polygon",
        "coordinates": [
          [
            [
              116.34974609214628,
              39.97205069859831
            ],
            [
              116.34973230980768,
              39.97197543538095
            ],
            [
              116.34970900567386,
              39.97190157394764
            ],
            [
              116.34967640420507,
              39.971829825619
            ],
            [
              116.34963481939653,
              39.971760881363245
            ],
            [
              116.34958465175366,
              39.9716954051421
            ],
            [
              116.34952638443407,
              39.971634027516835
            ],
            [
              116.34946057859403,
              39.97157733957601
            ],
            [
              116.34938786798368,
              39.97152588724337
            ],
            [
              116.34930895284357,
              39.97148016602083
            ],
            [
              116.34922459316111,
              39.971440616217
            ],
            [
              116.34913560135175,
              39.97140761870714
            ],
            [
              116.34904283443556,
              39.9713814912656
            ],
            [
              116.34894718578437,
              39.971362485505885
            ],
            [
              116.34884957651906,
              39.9713507844577
            ],
            [
              116.34875094663977,
              39.97134650080457
            ],
            [
              116.34865224597435,
              39.971349675798805
            ],
            [
              116.34855442503212,
              39.971360278864246
            ],
            [
              116.34845842585136,
              39.97137820789067
            ],
            [
              116.34836517292797,
              39.97140329021715
            ],
            [
              116.34827556431331,
              39.97143528429452
            ],
            [
              116.34819046296633,
              39.97147388201151
            ],
            [
              116.34811068844373,
              39.97151871166153
            ],
            [
              116.34803700900767,
              39.97156934152208
            ],
            [
              116.34797013422748,
              39.97162528401201
            ],
            [
              116.34791070814617,
              39.97168600038675
            ],
            [
              116.34785930307795,
              39.9717509059262
            ],
            [
              116.34781641409609,
              39.97181937556547
            ],
            [
              116.3477824542647,
              39.97189074991422
            ],
            [
              116.34775775065975,
              39.97196434160654
            ],
            [
              116.34774254121842,
              39.9720394419203
            ],
            [
              116.34773697244637,
              39.972115327602395
            ],
            [
              116.3477410980057,
              39.97219126783387
            ],
            [
              116.3477548781971,
              39.972266531268
            ],
            [
              116.34777818034064,
              39.97234039307366
            ],
            [
              116.34781078005264,
              39.9724121419159
            ],
            [
              116.34785236340534,
              39.97248108680679
            ],
            [
              116.34790252994928,
              39.97254656376016
            ],
            [
              116.34796079656904,
              39.97260794218664
            ],
            [
              116.3480266021353,
              39.97266463096688
            ],
            [
              116.34809931290847,
              39.97271608414485
            ],
            [
              116.34817822864164,
              39.972761806186156
            ],
            [
              116.34826258932469,
              39.97280135675074
            ],
            [
              116.34835158250367,
              39.9728343549341
            ],
            [
              116.3484443511059,
              39.972860482935985
            ],
            [
              116.34854000169477,
              39.97287948912141
            ],
            [
              116.34863761307491,
              39.97289119044425
            ],
            [
              116.34873624516491,
              39.97289547421042
            ],
            [
              116.34883494805202,
              39.97289229916333
            ],
            [
              116.34893277114145,
              39.97288169588111
            ],
            [
              116.34902877231245,
              39.97286376648234
            ],
            [
              116.34912202699266,
              39.97283868364228
            ],
            [
              116.34921163706316,
              39.97280668892976
            ],
            [
              116.34929673950907,
              39.972768090480535
            ],
            [
              116.34937651473147,
              39.9727232600293
            ],
            [
              116.3494501944413,
              39.97267262932935
            ],
            [
              116.3495170690587,
              39.97261668599408
            ],
            [
              116.34957649454695,
              39.97255596880056
            ],
            [
              116.3496278986146,
              39.972491062500374
            ],
            [
              116.34967078622681,
              39.972422592187606
            ],
            [
              116.34970474437218,
              39.97235121727849
            ],
            [
              116.34972944603942,
              39.9722776251605
            ],
            [
              116.34974465336592,
              39.972202524572076
            ],
            [
              116.34975021992729,
              39.97212663877691
            ],
            [
              116.34974609214628,
              39.97205069859831
            ]
          ]
        ]
      }
    },
    {
      "type": "Feature",
      "id": "HANDOVER-NODE-06",
      "properties": {
        "id": "HANDOVER-NODE-06",
        "layer": "PUBLIC_SPACE",
        "source_type": "agent_generated_design",
        "confidence": "medium",
        "geometry_role": "design_proposal",
        "name_zh": "交班点 06",
        "name_en": "Handover Point 06",
        "component": "digital_interface + human_window + non-digital_path",
        "linked_scenario": "SC-06",
        "area_sqm_declared": 23197.913,
        "component_id": "SC-06",
        "key_area_id": "PROV-KEY-002",
        "design_status": "concept_provisional",
        "ordinary_service": "人工说明与公共阅读",
        "ai_off_path": "paper summary and human explanation remain",
        "maintenance_role": "monthly source refresh",
        "spatial_evidence": "研究摘要—公共解释—人工转介的首层界面"
      },
      "geometry": {
        "type": "Polygon",
        "coordinates": [
          [
            [
              116.34869562585997,
              39.979130080856415
            ],
            [
              116.34868184335849,
              39.979054817603604
            ],
            [
              116.34865853805698,
              39.97898095603876
            ],
            [
              116.34862593442689,
              39.97890920748381
            ],
            [
              116.34858434648432,
              39.97884026290913
            ],
            [
              116.34853417476484,
              39.97877478627954
            ],
            [
              116.34847590246538,
              39.97871340816019
            ],
            [
              116.34841009079011,
              39.978656719644434
            ],
            [
              116.34833737354539,
              39.978605266661525
            ],
            [
              116.3482584510357,
              39.97855954471968
            ],
            [
              116.3481740833194,
              39.97851999413439
            ],
            [
              116.34808508288933,
              39.97848699578845
            ],
            [
              116.34799230684851,
              39.97846086746428
            ],
            [
              116.34789664865666,
              39.978441860783846
            ],
            [
              116.34779902952658,
              39.978430158785734
            ],
            [
              116.34770038955335,
              39.97842587416264
            ],
            [
              116.34760167866204,
              39.978429048176196
            ],
            [
              116.34750384746046,
              39.97843965025967
            ],
            [
              116.34740783808564,
              39.97845757831232
            ],
            [
              116.34731457513166,
              39.97848265968258
            ],
            [
              116.3472249567465,
              39.978514652830526
            ],
            [
              116.34713984598316,
              39.978553249653785
            ],
            [
              116.34706006248904,
              39.978598078454425
            ],
            [
              116.34698637461268,
              39.97864870751812
            ],
            [
              116.3469194920047,
              39.97870464927138
            ],
            [
              116.34686005878349,
              39.97876536497674
            ],
            [
              116.346808647332,
              39.97883026992055
            ],
            [
              116.34676575278505,
              39.978898739043665
            ],
            [
              116.34673178826029,
              39.97897011296072
            ],
            [
              116.34670708087893,
              39.97904370430996
            ],
            [
              116.34669186861449,
              39.97911880437257
            ],
            [
              116.34668629799982,
              39.97919468989787
            ],
            [
              116.34669042271486,
              39.97927063006837
            ],
            [
              116.34670420306836,
              39.97934589353797
            ],
            [
              116.34672750637888,
              39.979419755475185
            ],
            [
              116.34676010825147,
              39.97949150454385
            ],
            [
              116.34680169473764,
              39.97956044975378
            ],
            [
              116.34685186535772,
              39.97962592711579
            ],
            [
              116.34691013695704,
              39.97968730603653
            ],
            [
              116.34697594835835,
              39.97974399539191
            ],
            [
              116.34704866576581,
              39.979795449220354
            ],
            [
              116.34712758886872,
              39.97984117198119
            ],
            [
              116.34721195758586,
              39.979880723327454
            ],
            [
              116.347300959386,
              39.97991372234707
            ],
            [
              116.3473937371134,
              39.979939851231784
            ],
            [
              116.34748939724358,
              39.979958858338044
            ],
            [
              116.34758701848922,
              39.97997056061092
            ],
            [
              116.34768566067392,
              39.979974845347144
            ],
            [
              116.3477843737877,
              39.97997167128076
            ],
            [
              116.34788220713727,
              39.979961068980494
            ],
            [
              116.34797821850307,
              39.97994314055545
            ],
            [
              116.34807148321451,
              39.97991805867149
            ],
            [
              116.34816110305613,
              39.979886064888305
            ],
            [
              116.34824621491886,
              39.97984746733263
            ],
            [
              116.34832599911311,
              39.979802637730586
            ],
            [
              116.34839968726341,
              39.97975200782728
            ],
            [
              116.34846656970866,
              39.979696065228474
            ],
            [
              116.34852600233668,
              39.97963534870413
            ],
            [
              116.34857741278728,
              39.97957044299934
            ],
            [
              116.3486203059642,
              39.979501973202524
            ],
            [
              116.34865426880238,
              39.97943059872493
            ],
            [
              116.34867897424543,
              39.979357006949876
            ],
            [
              116.34869418439433,
              39.9792819066125
            ],
            [
              116.34869975279749,
              39.97920602097409
            ],
            [
              116.34869562585997,
              39.979130080856415
            ]
          ]
        ]
      }
    },
    {
      "type": "Feature",
      "id": "HANDOVER-NODE-07",
      "properties": {
        "id": "HANDOVER-NODE-07",
        "layer": "PUBLIC_SPACE",
        "source_type": "agent_generated_design",
        "confidence": "medium",
        "geometry_role": "design_proposal",
        "name_zh": "交班点 07",
        "name_en": "Handover Point 07",
        "component": "digital_interface + human_window + non-digital_path",
        "linked_scenario": "SC-07",
        "area_sqm_declared": 23197.913,
        "component_id": "SC-07",
        "key_area_id": "PROV-KEY-003",
        "design_status": "concept_provisional",
        "ordinary_service": "人工转介与纸质目录",
        "ai_off_path": "telephone and staffed service remain",
        "maintenance_role": "daily desk coverage",
        "spatial_evidence": "服务目录—咨询台—申诉卡面向公共入口"
      },
      "geometry": {
        "type": "Polygon",
        "coordinates": [
          [
            [
              116.34961176471303,
              39.98622049652976
            ],
            [
              116.34959797988529,
              39.98614523345816
            ],
            [
              116.34957467128882,
              39.986071372140366
            ],
            [
              116.34954206342681,
              39.9859996238959
            ],
            [
              116.34950047035609,
              39.985930679692174
            ],
            [
              116.34945029266167,
              39.98586520349038
            ],
            [
              116.34939201359802,
              39.985803825851605
            ],
            [
              116.34932619443443,
              39.98574713786452
            ],
            [
              116.34925346904939,
              39.98569568545333
            ],
            [
              116.34917453782575,
              39.98564996412072
            ],
            [
              116.34909016090582,
              39.9856104141763
            ],
            [
              116.34900115087105,
              39.9855774164967
            ],
            [
              116.34890836491697,
              39.98555128885793
            ],
            [
              116.34881269659876,
              39.985532282875354
            ],
            [
              116.34871506722669,
              39.98552058158082
            ],
            [
              116.34861641699452,
              39.98551629766025
            ],
            [
              116.34851769592608,
              39.98551947236852
            ],
            [
              116.34841985472717,
              39.98553007513222
            ],
            [
              116.34832383563112,
              39.98554800384404
            ],
            [
              116.34823056332561,
              39.98557308584605
            ],
            [
              116.34814093604865,
              39.985605079592276
            ],
            [
              116.34805581693888,
              39.9856436769746
            ],
            [
              116.34797602572408,
              39.98568850628966
            ],
            [
              116.34790233082714,
              39.98573913581821
            ],
            [
              116.3478354419663,
              39.98579507798228
            ],
            [
              116.34777600332013,
              39.98585579404046
            ],
            [
              116.3477245873239,
              39.98592069927569
            ],
            [
              116.34768168915616,
              39.98598916862602
            ],
            [
              116.34764772196942,
              39.98606054270393
            ],
            [
              116.34762301291059,
              39.986134134146056
            ],
            [
              116.3476077999693,
              39.98620923423277
            ],
            [
              116.34760222968498,
              39.986285119713074
            ],
            [
              116.34760635573437,
              39.98636105976998
            ],
            [
              116.34762013841336,
              39.986436323058456
            ],
            [
              116.34764344501818,
              39.986510184748774
            ],
            [
              116.34767605112214,
              39.986581933507104
            ],
            [
              116.34771764273597,
              39.98665087834629
            ],
            [
              116.34776781933067,
              39.9867163552807
            ],
            [
              116.34782609769404,
              39.98677773372109
            ],
            [
              116.34789191658365,
              39.98683442254801
            ],
            [
              116.34796464213157,
              39.986885875804944
            ],
            [
              116.34804357394869,
              39.986931597956755
            ],
            [
              116.3481279518699,
              39.986971148662306
            ],
            [
              116.34821696327529,
              39.98700414701574
            ],
            [
              116.34830975091661,
              39.98703027521515
            ],
            [
              116.34840542117385,
              39.98704928162362
            ],
            [
              116.34850305266225,
              39.98706098319295
            ],
            [
              116.34860170510672,
              39.98706526722662
            ],
            [
              116.34870042839839,
              39.98706209246545
            ],
            [
              116.34879827174602,
              39.98705148948487
            ],
            [
              116.34889429283373,
              39.987033560400526
            ],
            [
              116.34898756689729,
              39.98700847788465
            ],
            [
              116.34907719563114,
              39.98697648350298
            ],
            [
              116.34916231584062,
              39.98693788538805
            ],
            [
              116.34924210775574,
              39.98689305527136
            ],
            [
              116.34931580292663,
              39.98684242490298
            ],
            [
              116.34938269162461,
              39.98678648189314
            ],
            [
              116.34944212967727,
              39.98672576501579
            ],
            [
              116.34949354467223,
              39.98666085901943
            ],
            [
              116.34953644146937,
              39.98659238899524
            ],
            [
              116.34957040696887,
              39.98652101435671
            ],
            [
              116.34959511408864,
              39.98644742248867
            ],
            [
              116.34961032491361,
              39.986372322127195
            ],
            [
              116.34961589298563,
              39.98629643653376
            ],
            [
              116.34961176471303,
              39.98622049652976
            ]
          ]
        ]
      }
    },
    {
      "type": "Feature",
      "id": "HANDOVER-NODE-08",
      "properties": {
        "id": "HANDOVER-NODE-08",
        "layer": "PUBLIC_SPACE",
        "source_type": "agent_generated_design",
        "confidence": "medium",
        "geometry_role": "design_proposal",
        "name_zh": "交班点 08",
        "name_en": "Handover Point 08",
        "component": "digital_interface + human_window + non-digital_path",
        "linked_scenario": "SC-08",
        "area_sqm_declared": 23197.913,
        "component_id": "SC-08",
        "key_area_id": "PROV-KEY-003",
        "design_status": "concept_provisional",
        "ordinary_service": "人工导览与触觉地图",
        "ai_off_path": "verified paper route remains",
        "maintenance_role": "source and rights review",
        "spatial_evidence": "静态地图—事实卡—人工讲解的低屏幕节点"
      },
      "geometry": {
        "type": "Polygon",
        "coordinates": [
          [
            [
              116.34856104771652,
              39.99329985847057
            ],
            [
              116.3485472627258,
              39.99322459536345
            ],
            [
              116.3485239529608,
              39.99315073391404
            ],
            [
              116.34849134293599,
              39.99307898544312
            ],
            [
              116.34844974672905,
              39.99301004092027
            ],
            [
              116.34839956495516,
              39.99294456430978
            ],
            [
              116.34834128090809,
              39.99288318617666
            ],
            [
              116.34827545590517,
              39.99282649761434
            ],
            [
              116.3482027238811,
              39.99277504455255
            ],
            [
              116.3481237852827,
              39.99272932250023
            ],
            [
              116.34803940032323,
              39.99268977177398
            ],
            [
              116.34795038166162,
              39.99265677325787
            ],
            [
              116.34785758657645,
              39.992630644736025
            ],
            [
              116.34776190871085,
              39.99261163783228
            ],
            [
              116.34766426946705,
              39.992599935587364
            ],
            [
              116.34756560913378,
              39.99259565069636
            ],
            [
              116.34746687783222,
              39.99259882442345
            ],
            [
              116.34736902636669,
              39.99260942620472
            ],
            [
              116.34727299706935,
              39.992627353942304
            ],
            [
              116.34717971472617,
              39.99265243498765
            ],
            [
              116.34709007767175,
              39.992684427803994
            ],
            [
              116.34700494913896,
              39.992723024292175
            ],
            [
              116.34692514894626,
              39.992767852757474
            ],
            [
              116.34685144560305,
              39.9928184814888
            ],
            [
              116.34678454890883,
              39.992874422915875
            ],
            [
              116.34672510311769,
              39.99293513830438
            ],
            [
              116.3466736807337,
              39.99300004294371
            ],
            [
              116.34663077699686,
              39.99306851177769
            ],
            [
              116.3465968051134,
              39.99313988542373
            ],
            [
              116.34657209227545,
              39.99321347652265
            ],
            [
              116.34655687650906,
              39.9932885763581
            ],
            [
              116.34655130438081,
              39.993364461681566
            ],
            [
              116.34655542958527,
              39.99344040167751
            ],
            [
              116.34656921242646,
              39.99351566500152
            ],
            [
              116.34659252019905,
              39.993589526823506
            ],
            [
              116.34662512846515,
              39.993661275808385
            ],
            [
              116.34666672321464,
              39.99373022096681
            ],
            [
              116.34671690388834,
              39.99379569831008
            ],
            [
              116.34677518723475,
              39.99385707724501
            ],
            [
              116.34684101196353,
              39.993913766647374
            ],
            [
              116.34691374415046,
              39.99396522055513
            ],
            [
              116.3469926833425,
              39.99401094342686
            ],
            [
              116.34707706930351,
              39.994050494914475
            ],
            [
              116.34716608933614,
              39.99408349410458
            ],
            [
              116.34725888610909,
              39.99410962318726
            ],
            [
              116.34735456591437,
              39.994128630517054
            ],
            [
              116.34745220727527,
              39.99414033303686
            ],
            [
              116.34755086982155,
              39.994144618041055
            ],
            [
              116.34764960334716,
              39.99414144426109
            ],
            [
              116.34774745696221,
              39.994130842262926
            ],
            [
              116.34784348825193,
              39.99411291415278
            ],
            [
              116.34793677235383,
              39.99408783259346
            ],
            [
              116.34802641086573,
              39.99405583914154
            ],
            [
              116.3481115404987,
              39.994017241920574
            ],
            [
              116.34819134139202,
              39.99397241265346
            ],
            [
              116.3482650450094,
              39.993921783082115
            ],
            [
              116.34833194154075,
              39.99386584080905
            ],
            [
              116.34839138673826,
              39.99380512460116
            ],
            [
              116.34844280812071,
              39.99374021920047
            ],
            [
              116.3484857104865,
              39.99367174969245
            ],
            [
              116.3485196806822,
              39.99360037548561
            ],
            [
              116.34854439158046,
              39.993526783960654
            ],
            [
              116.34855960522982,
              39.993451683850296
            ],
            [
              116.348565175145,
              39.99337579841366
            ],
            [
              116.34856104771652,
              39.99329985847057
            ]
          ]
        ]
      }
    },
    {
      "type": "Feature",
      "id": "HANDOVER-NODE-09",
      "properties": {
        "id": "HANDOVER-NODE-09",
        "layer": "PUBLIC_SPACE",
        "source_type": "agent_generated_design",
        "confidence": "medium",
        "geometry_role": "design_proposal",
        "name_zh": "交班点 09",
        "name_en": "Handover Point 09",
        "component": "digital_interface + human_window + non-digital_path",
        "linked_scenario": "SC-09",
        "area_sqm_declared": 23197.913,
        "component_id": "SC-09",
        "key_area_id": "PROV-KEY-003",
        "design_status": "concept_provisional",
        "ordinary_service": "夜班人员休息和求助",
        "ai_off_path": "ordinary staff support remains",
        "maintenance_role": "nightly lighting and stock check",
        "spatial_evidence": "照明—休息—备件—安全到达的后勤接口"
      },
      "geometry": {
        "type": "Polygon",
        "coordinates": [
          [
            [
              116.34947734213253,
              40.00039025933745
            ],
            [
              116.34946355481392,
              40.00031499641162
            ],
            [
              116.34944024175167,
              40.00024113520934
            ],
            [
              116.34940762749194,
              40.00016938704904
            ],
            [
              116.34936602615325,
              40.000100442897285
            ],
            [
              116.3493158384002,
              40.00003496671481
            ],
            [
              116.34925754758417,
              39.99997358906246
            ],
            [
              116.34919171508764,
              39.99991690102907
            ],
            [
              116.34911897491747,
              39.99986544853926
            ],
            [
              116.34904002759897,
              39.99981972709647
            ],
            [
              116.3489556334294,
              39.99978017701138
            ],
            [
              116.34886660515629,
              39.999747179161965
            ],
            [
              116.34877380015084,
              39.99972105132585
            ],
            [
              116.3486781121517,
              39.9997020451203
            ],
            [
              116.34858046265865,
              39.99969034357932
            ],
            [
              116.34848179205919,
              39.999686059391216
            ],
            [
              116.34838305057329,
              39.99968923381339
            ],
            [
              116.34828518910334,
              39.99969983627522
            ],
            [
              116.34818915007789,
              39.999717764672326
            ],
            [
              116.34809585837654,
              39.99974284634978
            ],
            [
              116.348006212424,
              39.99977483976473
            ],
            [
              116.34792107553885,
              39.99981343681227
            ],
            [
              116.34784126761998,
              39.99985826579228
            ],
            [
              116.3477675572512,
              39.999908894988714
            ],
            [
              116.34770065429967,
              39.99996483682686
            ],
            [
              116.34764120307976,
              40.00002555256838
            ],
            [
              116.34758977614776,
              40.000090457499326
            ],
            [
              116.34754686878755,
              40.00015892656069
            ],
            [
              116.34751289424025,
              40.00023030036767
            ],
            [
              116.34748817972358,
              40.00030389155959
            ],
            [
              116.34747296327983,
              40.000378991419176
            ],
            [
              116.34746739148214,
              40.00045487669769
            ],
            [
              116.34747151802186,
              40.00053081658002
            ],
            [
              116.34748530319021,
              40.00060607972285
            ],
            [
              116.34750861425938,
              40.000679941297825
            ],
            [
              116.34754122675982,
              40.00075168997227
            ],
            [
              116.3475828266406,
              40.0008206347598
            ],
            [
              116.34763301329313,
              40.00088611167526
            ],
            [
              116.34769130340837,
              40.000947490129626
            ],
            [
              116.34775713563073,
              40.001004179003274
            ],
            [
              116.3478298759639,
              40.00105563233925
            ],
            [
              116.34790882387632,
              40.00110135460166
            ],
            [
              116.34799321904786,
              40.00114090544826
            ],
            [
              116.34808224869255,
              40.001173903971846
            ],
            [
              116.34817505538643,
              40.001200032368885
            ],
            [
              116.34827074532599,
              40.00121903900054
            ],
            [
              116.34836839693686,
              40.00123074081643
            ],
            [
              116.34846706975016,
              40.00123502511771
            ],
            [
              116.3485658134609,
              40.001231850642604
            ],
            [
              116.34866367708108,
              40.001221247963784
            ],
            [
              116.34875971809963,
              40.00120331919397
            ],
            [
              116.34885301156028,
              40.00117823700239
            ],
            [
              116.3489426589707,
              40.001146242951656
            ],
            [
              116.34902779695635,
              40.00110764517114
            ],
            [
              116.34910760557602,
              40.0010628153891
            ],
            [
              116.349181316219,
              40.001012185352415
            ],
            [
              116.34924821900752,
              40.000956242668096
            ],
            [
              116.34930766963352,
              40.000895526106966
            ],
            [
              116.34935909556353,
              40.000830620414504
            ],
            [
              116.34940200155218,
              40.00076215067899
            ],
            [
              116.34943597441107,
              40.00069077631106
            ],
            [
              116.34946068698731,
              40.000617184693034
            ],
            [
              116.34947590131321,
              40.00054208455854
            ],
            [
              116.34948147089705,
              40.000466199166866
            ],
            [
              116.34947734213253,
              40.00039025933745
            ]
          ]
        ]
      }
    },
    {
      "type": "Feature",
      "id": "HANDOVER-NODE-10",
      "properties": {
        "id": "HANDOVER-NODE-10",
        "layer": "PUBLIC_SPACE",
        "source_type": "agent_generated_design",
        "confidence": "medium",
        "geometry_role": "design_proposal",
        "name_zh": "交班点 10",
        "name_en": "Handover Point 10",
        "component": "digital_interface + human_window + non-digital_path",
        "linked_scenario": "SC-10",
        "area_sqm_declared": 23197.913
      },
      "geometry": {
        "type": "Polygon",
        "coordinates": [
          [
            [
              116.3484263742443,
              40.0074696009582
            ],
            [
              116.34841258676263,
              40.00739433799679
            ],
            [
              116.34838927253102,
              40.007320476662805
            ],
            [
              116.34835665610699,
              40.0072487282759
            ],
            [
              116.34831505162987,
              40.00717978380484
            ],
            [
              116.34826485979448,
              40.00711430721343
            ],
            [
              116.34820656399152,
              40.00705292906647
            ],
            [
              116.34814072565153,
              40.006996240457525
            ],
            [
              116.34806797883766,
              40.00694478731677
            ],
            [
              116.34798902413917,
              40.006899065153924
            ],
            [
              116.34790462192439,
              40.00685951428658
            ],
            [
              116.34781558501832,
              40.00682651560024
            ],
            [
              116.34772277087535,
              40.0068003868806
            ],
            [
              116.34762707332209,
              40.006781379753434
            ],
            [
              116.34752941395027,
              40.00676967726161
            ],
            [
              116.34743073324259,
              40.00676539210258
            ],
            [
              116.34733198151632,
              40.006768565543126
            ],
            [
              116.34723410977246,
              40.006779167022046
            ],
            [
              116.34713806053853,
              40.00679709444443
            ],
            [
              116.34704475879234,
              40.00682217516477
            ],
            [
              116.34695510305545,
              40.00685416764942
            ],
            [
              116.34686995674059,
              40.00689276380241
            ],
            [
              116.34679013983745,
              40.00693759193226
            ],
            [
              116.3467164210164,
              40.0069882203311
            ],
            [
              116.34664951022596,
              40.00704416143192
            ],
            [
              116.34659005185598,
              40.00710487650348
            ],
            [
              116.34653861853167,
              40.007169780838275
            ],
            [
              116.34649570559841,
              40.00723824938304
            ],
            [
              116.34646172635105,
              40.007309622757994
            ],
            [
              116.34643700805258,
              40.007383213606566
            ],
            [
              116.34642178878167,
              40.007458313214826
            ],
            [
              116.34641621513875,
              40.00753419833643
            ],
            [
              116.3464203408329,
              40.00761013815782
            ],
            [
              116.34643412616353,
              40.00768540133624
            ],
            [
              116.34645743840132,
              40.007759263043
            ],
            [
              116.3464900530654,
              40.007831011944134
            ],
            [
              116.34653165608403,
              40.007899957051094
            ],
            [
              116.34658184681844,
              40.00796543437565
            ],
            [
              116.34664014192025,
              40.008026813324825
            ],
            [
              116.34670597998588,
              40.00808350277423
            ],
            [
              116.34677872696271,
              40.008134956761374
            ],
            [
              116.34685768225526,
              40.008180679744044
            ],
            [
              116.34694208547232,
              40.008220231373116
            ],
            [
              116.34703112375036,
              40.00825323073382
            ],
            [
              116.3471239395823,
              40.008279360014555
            ],
            [
              116.34721963907666,
              40.008298367567974
            ],
            [
              116.34731730056698,
              40.00831007033484
            ],
            [
              116.34741598348931,
              40.00831435560712
            ],
            [
              116.3475147374412,
              40.00831118211367
            ],
            [
              116.34761261133606,
              40.008300580417725
            ],
            [
              116.34770866256385,
              40.008282652622576
            ],
            [
              116.34780196607,
              40.00825757138802
            ],
            [
              116.34789162326535,
              40.008225578267485
            ],
            [
              116.3479767706812,
              40.008186981381336
            ],
            [
              116.34805658828546,
              40.008142152449274
            ],
            [
              116.34813030738088,
              40.00809152320996
            ],
            [
              116.34819721800835,
              40.00803558126275
            ],
            [
              116.3482566757843,
              40.00797486537137
            ],
            [
              116.34830810810635,
              40.007909960274844
            ],
            [
              116.34835101966759,
              40.007841491055714
            ],
            [
              116.348384997226,
              40.00777011711968
            ],
            [
              116.34840971358344,
              40.007696525844835
            ],
            [
              116.34842493073579,
              40.00762142596155
            ],
            [
              116.34843050216408,
              40.007545540726696
            ],
            [
              116.3484263742443,
              40.0074696009582
            ]
          ]
        ]
      }
    },
    {
      "type": "Feature",
      "id": "HANDOVER-NODE-11",
      "properties": {
        "id": "HANDOVER-NODE-11",
        "layer": "PUBLIC_SPACE",
        "source_type": "agent_generated_design",
        "confidence": "medium",
        "geometry_role": "design_proposal",
        "name_zh": "交班点 11",
        "name_en": "Handover Point 11",
        "component": "digital_interface + human_window + non-digital_path",
        "linked_scenario": "SC-11",
        "area_sqm_declared": 23197.913
      },
      "geometry": {
        "type": "Polygon",
        "coordinates": [
          [
            [
              116.3493428243295,
              40.01455998701816
            ],
            [
              116.34932903451833,
              40.01448472423807
            ],
            [
              116.34930571698713,
              40.01441086315132
            ],
            [
              116.34927309632522,
              40.01433911507515
            ],
            [
              116.34923148671272,
              40.01427017097534
            ],
            [
              116.34918128889399,
              40.014204694812115
            ],
            [
              116.34912298631725,
              40.014143317146164
            ],
            [
              116.34905714047838,
              40.01408662906639
            ],
            [
              116.34898438551268,
              40.0140351764979
            ],
            [
              116.34890542208791,
              40.01398945494485
            ],
            [
              116.34882101065647,
              40.013949904719
            ],
            [
              116.34873196413216,
              40.01391690669966
            ],
            [
              116.34863914006189,
              40.01389077866611
            ],
            [
              116.34854343236786,
              40.0138717722375
            ],
            [
              116.34844576273957,
              40.01386007044996
            ],
            [
              116.34834707175843,
              40.01385578599419
            ],
            [
              116.34824830984056,
              40.01385896013017
            ],
            [
              116.34815042808523,
              40.01386956229003
            ],
            [
              116.34805436911626,
              40.01388749037227
            ],
            [
              116.34796105800527,
              40.013912571725065
            ],
            [
              116.34787139336395,
              40.01394456480865
            ],
            [
              116.34778623869082,
              40.013983161521296
            ],
            [
              116.34770641405603,
              40.014027990166156
            ],
            [
              116.34763268820438,
              40.01407861903039
            ],
            [
              116.3475657711522,
              40.0141345605425
            ],
            [
              116.34750630734959,
              40.014195275967296
            ],
            [
              116.34745486947403,
              40.01426018059388
            ],
            [
              116.34741195291483,
              40.014328649366185
            ],
            [
              116.34737797100166,
              40.0144000229022
            ],
            [
              116.34735325102328,
              40.014473613843855
            ],
            [
              116.34733803107456,
              40.01454871347631
            ],
            [
              116.34733245776238,
              40.01462459855298
            ],
            [
              116.34733658479276,
              40.014700538260726
            ],
            [
              116.34735037245213,
              40.014775801257905
            ],
            [
              116.34737368798885,
              40.01484966271757
            ],
            [
              116.3474063068902,
              40.01492141130813
            ],
            [
              116.34744791504374,
              40.01499035604403
            ],
            [
              116.34749811176123,
              40.0150558329406
            ],
            [
              116.34755641363662,
              40.015117211408985
            ],
            [
              116.34762225920116,
              40.015173900329444
            ],
            [
              116.34769501432996,
              40.01522535374454
            ],
            [
              116.34777397834904,
              40.0152710761176
            ],
            [
              116.34785839078319,
              40.01531062710533
            ],
            [
              116.34794743868005,
              40.01534362579919
            ],
            [
              116.34804026443994,
              40.01536975439395
            ],
            [
              116.34813597407573,
              40.015388761248886
            ],
            [
              116.34823364582336,
              40.01540046331149
            ],
            [
              116.34833233901993,
              40.01540474788047
            ],
            [
              116.34843110316416,
              40.015401573691534
            ],
            [
              116.34852898707128,
              40.01539097131457
            ],
            [
              116.34862504803478,
              40.01537304285941
            ],
            [
              116.34871836090628,
              40.015347960992244
            ],
            [
              116.34880802700656,
              40.015315967272564
            ],
            [
              116.34889318278097,
              40.015277369826556
            ],
            [
              116.34897300811706,
              40.015232540379266
            ],
            [
              116.34904673424306,
              40.01518191067436
            ],
            [
              116.34911365113216,
              40.015125968315644
            ],
            [
              116.34917311434046,
              40.01506525207082
            ],
            [
              116.34922455121331,
              40.01500034668234
            ],
            [
              116.3492674664,
              40.01493187723554
            ],
            [
              116.34930144662351,
              40.01486050313833
            ],
            [
              116.34932616466011,
              40.014786911770344
            ],
            [
              116.34934138248951,
              40.01471181186284
            ],
            [
              116.34934695358626,
              40.014635926672945
            ],
            [
              116.3493428243295,
              40.01455998701816
            ]
          ]
        ]
      }
    },
    {
      "type": "Feature",
      "id": "HANDOVER-NODE-12",
      "properties": {
        "id": "HANDOVER-NODE-12",
        "layer": "PUBLIC_SPACE",
        "source_type": "agent_generated_design",
        "confidence": "medium",
        "geometry_role": "design_proposal",
        "name_zh": "交班点 12",
        "name_en": "Handover Point 12",
        "component": "digital_interface + human_window + non-digital_path",
        "linked_scenario": "SC-12",
        "area_sqm_declared": 23197.913
      },
      "geometry": {
        "type": "Polygon",
        "coordinates": [
          [
            [
              116.3482916053679,
              40.02163930831608
            ],
            [
              116.34827781539356,
              40.021564045500384
            ],
            [
              116.34825449669225,
              40.0214901842818
            ],
            [
              116.34822187386447,
              40.02141843597889
            ],
            [
              116.34818026111134,
              40.02134949155959
            ],
            [
              116.34813005920739,
              40.0212840149872
            ],
            [
              116.34807175164025,
              40.021222636826344
            ],
            [
              116.34800589995379,
              40.021165948170726
            ],
            [
              116.34793313833968,
              40.021114494950965
            ],
            [
              116.34785416752972,
              40.02106877267746
            ],
            [
              116.34776974804737,
              40.02102922166897
            ],
            [
              116.34768069288401,
              40.0209962228123
            ],
            [
              116.34758785966974,
              40.02097009389477
            ],
            [
              116.34749214241482,
              40.02095108654406
            ],
            [
              116.3473944629008,
              40.020939383805214
            ],
            [
              116.34729576180425,
              40.02093509837805
            ],
            [
              116.34719698963879,
              40.020938271531925
            ],
            [
              116.34709909760227,
              40.020948872708395
            ],
            [
              116.34700302841755,
              40.02096679981548
            ],
            [
              116.34690970725465,
              40.02099188021069
            ],
            [
              116.34682003282204,
              40.021023872363536
            ],
            [
              116.34673486871249,
              40.02106246818121
            ],
            [
              116.34665503508705,
              40.02110729597552
            ],
            [
              116.34658130077715,
              40.02115792404181
            ],
            [
              116.34651437588047,
              40.021213864816254
            ],
            [
              116.34645490492271,
              40.0212745795708
            ],
            [
              116.34640346065028,
              40.021339483600975
            ],
            [
              116.34636053851409,
              40.02140795185647
            ],
            [
              116.34632655189752,
              40.02147932496028
            ],
            [
              116.34630182813463,
              40.021552915558466
            ],
            [
              116.34628660535671,
              40.021628014939495
            ],
            [
              116.34628103019799,
              40.02170389985923
            ],
            [
              116.34628515638215,
              40.021779839506046
            ],
            [
              116.34629894420395,
              40.021855102538865
            ],
            [
              116.34632226091003,
              40.02192896413042
            ],
            [
              116.34635488197657,
              40.022000712947815
            ],
            [
              116.34639649327018,
              40.022069658003325
            ],
            [
              116.34644669407238,
              40.02213513530922
            ],
            [
              116.3465050009379,
              40.0221965142727
            ],
            [
              116.34657085234979,
              40.02225320376921
            ],
            [
              116.34664361412699,
              40.02230465783581
            ],
            [
              116.34672258553142,
              40.02235038092953
            ],
            [
              116.3468070060167,
              40.02238993270014
            ],
            [
              116.34689606255304,
              40.02242293223152
            ],
            [
              116.34698889745748,
              40.02244906171042
            ],
            [
              116.34708461665481,
              40.022468069487594
            ],
            [
              116.3471822982889,
              40.022479772501605
            ],
            [
              116.34728100160163,
              40.02248405804207
            ],
            [
              116.34737977599428,
              40.02248088483527
            ],
            [
              116.34747767018337,
              40.022470283441685
            ],
            [
              116.34757374136332,
              40.02245235596163
            ],
            [
              116.34766706428744,
              40.02242727505193
            ],
            [
              116.34775674017959,
              40.02239528226289
            ],
            [
              116.3478419053909,
              40.02235668571168
            ],
            [
              116.34792173971795,
              40.02231185711476
            ],
            [
              116.34799547430241,
              40.022261228207576
            ],
            [
              116.34806239903601,
              40.022205286586306
            ],
            [
              116.34812186939932,
              40.02214457101153
            ],
            [
              116.34817331266878,
              40.02207966621924
            ],
            [
              116.34821623343201,
              40.02201119728903
            ],
            [
              116.3482502183584,
              40.02193982362386
            ],
            [
              116.3482749401789,
              40.02186623259921
            ],
            [
              116.34829016083675,
              40.02179113294301
            ],
            [
              116.34829573377927,
              40.02171524790998
            ],
            [
              116.3482916053679,
              40.02163930831608
            ]
          ]
        ]
      }
    },
    {
      "type": "Feature",
      "id": "VALIDATION-YARD",
      "properties": {
        "id": "VALIDATION-YARD",
        "layer": "PUBLIC_SPACE",
        "source_type": "agent_generated_design",
        "confidence": "medium",
        "geometry_role": "design_proposal",
        "name_zh": "众智园验证交班场",
        "name_en": "Zhongzhiyuan Validation Handover Yard",
        "component": "handover_table + accessible human service + review court",
        "area_sqm_declared": 85392.533
      },
      "geometry": {
        "type": "Polygon",
        "coordinates": [
          [
            [
              116.35042465150919,
              40.01661487226842
            ],
            [
              116.35039819132045,
              40.016470473019915
            ],
            [
              116.35035345078175,
              40.01632876322384
            ],
            [
              116.35029086087462,
              40.01619110760326
            ],
            [
              116.35021102446738,
              40.01605883182976
            ],
            [
              116.35011471050565,
              40.01593320975763
            ],
            [
              116.35000284660389,
              40.0158154511572
            ],
            [
              116.34987651010975,
              40.015706690065684
            ],
            [
              116.34973691772731,
              40.01560797386725
            ],
            [
              116.34958541379885,
              40.01552025320799
            ],
            [
              116.3494234573585,
              40.015444372842346
            ],
            [
              116.34925260808217,
              40.01538106349933
            ],
            [
              116.34907451126904,
              40.01533093484676
            ],
            [
              116.34889088199921,
              40.01529446962124
            ],
            [
              116.34870348861999,
              40.01527201898022
            ],
            [
              116.34851413571973,
              40.015263799121065
            ],
            [
              116.34832464675294,
              40.01526988919953
            ],
            [
              116.34813684648397,
              40.01529023056762
            ],
            [
              116.34795254341797,
              40.015324627338366
            ],
            [
              116.34777351238857,
              40.0153727482718
            ],
            [
              116.34760147746904,
              40.0154341299643
            ],
            [
              116.34743809537241,
              40.015508181310345
            ],
            [
              116.3472849394992,
              40.01559418919385
            ],
            [
              116.34714348478703,
              40.01569132535439
            ],
            [
              116.34701509350751,
              40.015798654362236
            ],
            [
              116.34690100214753,
              40.01591514262523
            ],
            [
              116.34680230950076,
              40.01603966834119
            ],
            [
              116.34671996608442,
              40.01617103229977
            ],
            [
              116.34665476498341,
              40.01630796943
            ],
            [
              116.34660733420954,
              40.016449160982226
            ],
            [
              116.34657813065,
              40.01659324722719
            ],
            [
              116.3465674356634,
              40.01673884055022
            ],
            [
              116.34657535236572,
              40.01688453881397
            ],
            [
              116.34660180463284,
              40.017028938861756
            ],
            [
              116.346646537829,
              40.01717065003066
            ],
            [
              116.34670912125483,
              40.01730830754489
            ],
            [
              116.34678895229106,
              40.01744058566006
            ],
            [
              116.34688526219853,
              40.01756621043193
            ],
            [
              116.34699712351856,
              40.017683971986365
            ],
            [
              116.34712345900267,
              40.01779273617267
            ],
            [
              116.34726305198566,
              40.01789145548776
            ],
            [
              116.34741455810214,
              40.017979179165735
            ],
            [
              116.34757651823391,
              40.018055062336174
            ],
            [
              116.34774737256316,
              40.01811837416226
            ],
            [
              116.34792547559657,
              40.018168504880755
            ],
            [
              116.34810911201501,
              40.018204971675665
            ],
            [
              116.34829651319642,
              40.01822742332923
            ],
            [
              116.34848587425257,
              40.018235643605145
            ],
            [
              116.34867537141565,
              40.018229553331714
            ],
            [
              116.34886317960625,
              40.01820921116435
            ],
            [
              116.34904749001477,
              40.01817481302078
            ],
            [
              116.3492265275255,
              40.0181266901937
            ],
            [
              116.34939856781602,
              40.01806530615952
            ],
            [
              116.3495619539669,
              40.01799125211375
            ],
            [
              116.34971511242188,
              40.01790524127623
            ],
            [
              116.34985656814406,
              40.01780810202089
            ],
            [
              116.34998495882301,
              40.01770076989638
            ],
            [
              116.35009904799497,
              40.017584278614684
            ],
            [
              116.35019773695038,
              40.01745975009394
            ],
            [
              116.35028007531378,
              40.0173283836523
            ],
            [
              116.35034527019448,
              40.01719144445614
            ],
            [
              116.35039269381977,
              40.017050251334524
            ],
            [
              116.35042188957712,
              40.016906164077
            ],
            [
              116.35043257640777,
              40.0167605703372
            ],
            [
              116.35042465150919,
              40.01661487226842
            ]
          ]
        ]
      }
    },
    {
      "type": "Feature",
      "id": "KNOWLEDGE-YARD",
      "properties": {
        "id": "KNOWLEDGE-YARD",
        "layer": "PUBLIC_SPACE",
        "source_type": "agent_generated_design",
        "confidence": "medium",
        "geometry_role": "design_proposal",
        "name_zh": "AI 原点知识交班院",
        "name_en": "AI Origin Knowledge Handover Yard",
        "component": "handover_table + accessible human service + review court",
        "area_sqm_declared": 85392.533
      },
      "geometry": {
        "type": "Polygon",
        "coordinates": [
          [
            [
              116.34942385341651,
              39.9883651714615
            ],
            [
              116.34939740543787,
              39.9882207713871
            ],
            [
              116.3493526846197,
              39.988079060680306
            ],
            [
              116.34929012175355,
              39.98794140407296
            ],
            [
              116.34921031944715,
              39.9878091272462
            ],
            [
              116.34911404631755,
              39.98768350406448
            ],
            [
              116.34900222958599,
              39.987565744308895
            ],
            [
              116.34887594614572,
              39.98745698202776
            ],
            [
              116.34873641218994,
              39.98735826461678
            ],
            [
              116.3485849714982,
              39.98727054273377
            ],
            [
              116.34842308249574,
              39.987194661145
            ],
            [
              116.34825230420904,
              39.987131350591284
            ],
            [
              116.34807428125372,
              39.987081220752174
            ],
            [
              116.3478907279987,
              39.987044754375695
            ],
            [
              116.34770341205942,
              39.98702230263039
            ],
            [
              116.3475141372786,
              39.987014081724325
            ],
            [
              116.34732472635858,
              39.98702017082327
            ],
            [
              116.3471370033122,
              39.9870405112887
            ],
            [
              116.3469527759011,
              39.98707490724232
            ],
            [
              116.34677381823045,
              39.987123027452
            ],
            [
              116.3466018536672,
              39.98718440852107
            ],
            [
              116.34643853824687,
              39.987258459349945
            ],
            [
              116.34628544472795,
              39.98734446682751
            ],
            [
              116.3461440474476,
              39.987441602697224
            ],
            [
              116.34601570812437,
              39.987548931532075
            ],
            [
              116.34590166274474,
              39.987665419741525
            ],
            [
              116.34580300965946,
              39.98778994552389
            ],
            [
              116.34572069900479,
              39.98792130966813
            ],
            [
              116.34565552354992,
              39.98805824710148
            ],
            [
              116.34560811105958,
              39.98819943907129
            ],
            [
              116.34557891824473,
              39.988343525844314
            ],
            [
              116.3455682263603,
              39.988489119800725
            ],
            [
              116.34557613849229,
              39.988634818797145
            ],
            [
              116.34560257856037,
              39.98877921966978
            ],
            [
              116.34564729204617,
              39.988920931747806
            ],
            [
              116.34570984843995,
              39.98905859024671
            ],
            [
              116.34578964538267,
              39.98919086941263
            ],
            [
              116.3458859144634,
              39.98931649529124
            ],
            [
              116.34599772861652,
              39.98943425799783
            ],
            [
              116.3461240110478,
              39.98954302337063
            ],
            [
              116.34626354560294,
              39.989641743895135
            ],
            [
              116.34641498847922,
              39.98972946879389
            ],
            [
              116.34657688116758,
              39.98980535318476
            ],
            [
              116.3467476644998,
              39.98986866621919
            ],
            [
              116.34692569366639,
              39.98991879812233
            ],
            [
              116.34710925405972,
              39.98995526606684
            ],
            [
              116.34729657779006,
              39.989977718823894
            ],
            [
              116.3474858607153,
              39.98998594014656
            ],
            [
              116.34767527982004,
              39.98997985085306
            ],
            [
              116.34786301077698,
              39.98995950958938
            ],
            [
              116.34804724552043,
              39.98992511226454
            ],
            [
              116.34822620966348,
              39.98987699016331
            ],
            [
              116.34839817959042,
              39.98981560675506
            ],
            [
              116.34856149905961,
              39.98974155322928
            ],
            [
              116.34871459515696,
              39.989655542800726
            ],
            [
              116.34885599344626,
              39.989558403839354
            ],
            [
              116.34898433217018,
              39.989451071890976
            ],
            [
              116.34909837536523,
              39.98933458066575
            ],
            [
              116.34919702476463,
              39.989210052081326
            ],
            [
              116.34927933037379,
              39.989078685456356
            ],
            [
              116.3493444996174,
              39.98894174595898
            ],
            [
              116.34939190496941,
              39.98880055242115
            ],
            [
              116.3494210899932,
              39.988656464636364
            ],
            [
              116.34943177373323,
              39.98851087026335
            ],
            [
              116.34942385341651,
              39.9883651714615
            ]
          ]
        ]
      }
    },
    {
      "type": "Feature",
      "id": "ADOPTION-STATION",
      "properties": {
        "id": "ADOPTION-STATION",
        "layer": "PUBLIC_SPACE",
        "source_type": "agent_generated_design",
        "confidence": "medium",
        "geometry_role": "design_proposal",
        "name_zh": "大钟寺采用交班站",
        "name_en": "Dazhongsi Adoption Handover Station",
        "component": "handover_table + accessible human service + review court",
        "area_sqm_declared": 85392.533
      },
      "geometry": {
        "type": "Polygon",
        "coordinates": [
          [
            [
              116.35042268247841,
              39.94678527499017
            ],
            [
              116.35039624723133,
              39.9466408742229
            ],
            [
              116.35035155027145,
              39.946499163088916
            ],
            [
              116.35028902216034,
              39.94636150632418
            ],
            [
              116.3502092651708,
              39.9462292296114
            ],
            [
              116.35011304748339,
              39.94610360681397
            ],
            [
              116.35000129578516,
              39.94598584770934
            ],
            [
              116.34987508634308,
              39.945877086339635
            ],
            [
              116.34973563463755,
              39.94577837009185
            ],
            [
              116.34958428365617,
              39.94569064961263
            ],
            [
              116.34942249096017,
              39.94561476965482
            ],
            [
              116.34925181464865,
              39.945551460943584
            ],
            [
              116.3490738983554,
              39.94550133314078
            ],
            [
              116.34889045542225,
              39.94546486897486
            ],
            [
              116.34870325240236,
              39.94544241959313
            ],
            [
              116.34851409205125,
              39.94543420118089
            ],
            [
              116.34832479596946,
              39.94544029287993
            ],
            [
              116.34813718706413,
              39.94546063602666
            ],
            [
              116.34795307199789,
              39.945495034716956
            ],
            [
              116.3477742237942,
              39.945543157692306
            ],
            [
              116.34760236476598,
              39.945604541529356
            ],
            [
              116.34743914993255,
              39.945678595101846
            ],
            [
              116.34728615108382,
              39.94576460527215
            ],
            [
              116.34714484164529,
              39.945861743757725
            ],
            [
              116.34701658248957,
              39.945969075106305
            ],
            [
              116.34690260883109,
              39.94608556570312
            ],
            [
              116.34680401832983,
              39.94621009372338
            ],
            [
              116.3467217605192,
              39.94634145993445
            ],
            [
              116.34665662765936,
              39.9464783992436
            ],
            [
              116.34660924710461,
              39.94661959288011
            ],
            [
              116.34658007525813,
              39.946763681094595
            ],
            [
              116.34656939317276,
              39.94690927625335
            ],
            [
              116.34657730383981,
              39.94705497620139
            ],
            [
              116.34660373119281,
              39.947199377765784
            ],
            [
              116.34664842083566,
              39.94734109026905
            ],
            [
              116.34671094248797,
              39.9474787489226
            ],
            [
              116.34679069412512,
              39.94761102797115
            ],
            [
              116.34688690777229,
              39.94773665346153
            ],
            [
              116.34699865689764,
              39.94785441551279
            ],
            [
              116.3471248653331,
              39.947963179969605
            ],
            [
              116.34726431763694,
              39.948061899326326
            ],
            [
              116.34741567079863,
              39.94814962281682
            ],
            [
              116.34757746717308,
              39.94822550557253
            ],
            [
              116.34774814851978,
              39.94828881676078
            ],
            [
              116.34792607101159,
              39.94833894662451
            ],
            [
              116.34810952106838,
              39.948375412356086
            ],
            [
              116.34829673186323,
              39.948397862748
            ],
            [
              116.34848590034186,
              39.94840608157616
            ],
            [
              116.34867520459142,
              39.94839998968279
            ],
            [
              116.34886282139078,
              39.94837964573892
            ],
            [
              116.34904694377404,
              39.94834524567935
            ],
            [
              116.34922579843655,
              39.94829712081519
            ],
            [
              116.34939766281715,
              39.94823573464237
            ],
            [
              116.34956088169083,
              39.948161678376934
            ],
            [
              116.34971388311243,
              39.948075665259985
            ],
            [
              116.34985519355759,
              39.9479785236873
            ],
            [
              116.34998345211498,
              39.94787118922979
            ],
            [
              116.35009742359318,
              39.9477546956217
            ],
            [
              116.35019601041601,
              39.94763016480354
            ],
            [
              116.3502782631914,
              39.94749879611545
            ],
            [
              116.35034338985272,
              39.94736185474536
            ],
            [
              116.35039076328384,
              39.94722065954323
            ],
            [
              116.35041992735533,
              39.947076570318536
            ],
            [
              116.35043060131318,
              39.94693097474387
            ],
            [
              116.35042268247841,
              39.94678527499017
            ]
          ]
        ]
      }
    }
  ]
}
